query_name,row_count,mean_ms,p50_ms,p95_ms,min_ms,max_ms,benchmark_rows
dashboard_overview,1.0,8.839540000008128,8.755550001296797,9.693154999149556,8.077700000285404,9.764299999005743,2985743
model_comparison,19.0,2.123380000011821,1.901249999718857,3.3953950008253724,1.6061000005720416,4.226500001095701,2985743
var_breach_summary,380.0,0.7596300005388912,0.7285000010597287,0.9406250006577463,0.658500001009088,1.025000001391163,2985743
asset_risk_summary,10.0,15.385960000094201,15.318349999688508,16.79391000016039,13.85889999983192,17.810999999710475,2985743
portfolio_risk_summary,19.0,1.9228699999075616,1.8232499996884144,2.4290599993037176,1.638499999899068,2.51869999920018,2985743
one_million_row_synthetic_scale,10.0,6.384020000041346,6.2152999998943415,6.78364000050351,6.071899999369634,6.805700000768411,1188000
