query_name,row_count,mean_ms,p50_ms,p95_ms,min_ms,max_ms,benchmark_rows
dashboard_overview,1.0,7.594969996716827,7.491450000088662,8.12764499351033,7.197899991297163,8.17619998997543,2512785
model_comparison,15.0,1.7637600045418367,1.7345000014756806,2.0691250007075723,1.4787000109208748,2.104899991536513,2512785
var_breach_summary,300.0,0.624569998763036,0.549149997823406,0.9300850026193074,0.5187999922782183,0.9556000004522502,2512785
asset_risk_summary,10.0,12.220569999772124,12.136149998696055,13.095049995899899,11.4222999982303,13.111699998262338,2512785
portfolio_risk_summary,15.0,1.6210599977057427,1.507000000856351,2.0912199965096074,1.389900004141964,2.2210000024642795,2512785
one_million_row_synthetic_scale,10.0,5.7453000044915825,5.623899996862747,6.012379997991957,5.509100010385737,6.015499995555729,1188000
